keys,en,pt_BR,es
HUD_RESOURCES,RESOURCES,RECURSOS,RECURSOS
RESOURCE_BONES,BONES,OSSOS,HUESOS
RESOURCE_FLESH,FLESH,CARNE,CARNE
RESOURCE_BLOOD,BLOOD,SANGUE,SANGRE
RESOURCE_SOULS,SOULS,ALMAS,ALMAS
FACTORY_PRODUCTION_LINE,UNDEAD PRODUCTION LINE,LINHA DE PRODUÇÃO MORTA-VIVA,LÍNEA DE PRODUCCIÓN NO MUERTA
FACTORY_CREATE_SKELETON,CREATE SKELETON,CRIAR ESQUELETO,CREAR ESQUELETO
FACTORY_CREATE_ZOMBIE,CREATE ZOMBIE,CRIAR ZUMBI,CREAR ZOMBI
FACTORY_CREATE_ARCHER,CREATE SKELETON ARCHER,CRIAR ESQUELETO ARQUEIRO,CREAR ESQUELETO ARQUERO
PROCESSING_TITLE,CORPSE PROCESSING,PROCESSAMENTO DE CADÁVERES,PROCESAMIENTO DE CADÁVERES
PROCESSING_MODE,MODE,MODO,MODO
PROCESSING_LOCKED_WAVE,LOCKED THIS WAVE,BLOQUEADO NESTA ONDA,BLOQUEADO ESTA OLEADA
PROCESSING_CHOOSE_NEXT,CHOOSE FOR NEXT WAVE,ESCOLHA PARA A PRÓXIMA ONDA,ELIGE PARA LA PRÓXIMA OLEADA
PROCESSING_CORPSES,CORPSES,CADÁVERES,CADÁVERES
PROCESSING_YIELD,YIELD,RENDIMENTO,RENDIMIENTO
PROCESSING_BALANCED,BALANCED,EQUILIBRADO,EQUILIBRADO
PROCESSING_BONE_FOCUS,BONE FOCUS,FOCO EM OSSOS,ENFOQUE EN HUESOS
PROCESSING_FLESH_FOCUS,FLESH FOCUS,FOCO EM CARNE,ENFOQUE EN CARNE
METRICS_TITLE,RUN METRICS,MÉTRICAS DA PARTIDA,MÉTRICAS DE LA PARTIDA
METRICS_ENEMIES_KILLED,ENEMIES KILLED,INIMIGOS DERROTADOS,ENEMIGOS DERROTADOS
METRICS_CORPSES_PROCESSED,CORPSES PROCESSED,CADÁVERES PROCESSADOS,CADÁVERES PROCESADOS
METRICS_SKELETONS_BUILT,SKELETONS BUILT,ESQUELETOS CRIADOS,ESQUELETOS CREADOS
METRICS_SKELETONS_LOST,SKELETONS LOST,ESQUELETOS PERDIDOS,ESQUELETOS PERDIDOS
METRICS_ZOMBIES_BUILT,ZOMBIES BUILT,ZUMBIS CRIADOS,ZOMBIS CREADOS
METRICS_ZOMBIES_LOST,ZOMBIES LOST,ZUMBIS PERDIDOS,ZOMBIS PERDIDOS
METRICS_ARMY_ACTIVE,ARMY ACTIVE,EXÉRCITO ATIVO,EJÉRCITO ACTIVO
FEEDBACK_RESOURCE_GAIN,+%d BONES   /   +%d FLESH,+%d OSSOS   /   +%d CARNE,+%d HUESOS   /   +%d CARNE
HUD_WAVE,WAVE,ONDA,OLEADA
WAVE_ENEMIES_REMAINING,Enemies Remaining,Inimigos Restantes,Enemigos Restantes
WAVE_ACTIVE,Active,Ativos,Activos
WAVE_PRIMARY,Primary,Principal,Principal
WAVE_COMPLETE,COMPLETE,CONCLUÍDA,COMPLETADA
WAVE_SELECT_UPGRADE,SELECT AN UPGRADE,SELECIONE UM APRIMORAMENTO,SELECCIONA UNA MEJORA
RUN_COMPLETE,RUN COMPLETE,PARTIDA CONCLUÍDA,PARTIDA COMPLETADA
RUN_VICTORY,VICTORY,VITÓRIA,VICTORIA
RUN_DEFEAT,DEFEAT,DERROTA,DERROTA
WAVE_BOSS,BOSS,CHEFE,JEFE
WAVE_ELITE,ELITE,ELITE,ÉLITE
STAT_HP,HP,PV,PV
STAT_DAMAGE,DMG,DANO,DAÑO
ENEMY_HUMAN_WARRIOR,HUMAN WARRIOR,GUERREIRO HUMANO,GUERRERO HUMANO
ENEMY_MAGE,MAGE,MAGO,MAGO
ENEMY_ELF_SKIRMISHER,ELF SKIRMISHER,ELFO ESCARAMUÇADOR,ELFO HOSTIGADOR
ENEMY_THE_FOREMAN,THE FOREMAN,O CAPATAZ,EL CAPATAZ
CORPSE_LABEL,CORPSE,CADÁVER,CADÁVER
CORPSE_QUEUED,QUEUED,NA FILA,EN COLA
CORPSE_ARCANE,ARCANE CORPSE,CADÁVER ARCANO,CADÁVER ARCANO
CORPSE_SOUL_QUEUED,SOUL EXTRACTION,EXTRAÇÃO DE ALMA,EXTRACCIÓN DE ALMA
SYNERGIES_ACTIVE,ACTIVE SYNERGIES,SINERGIAS ATIVAS,SINERGIAS ACTIVAS
COMMON_NONE,None,Nenhuma,Ninguna
COMMON_YES,YES,SIM,SÍ
COMMON_NO,NO,NÃO,NO
SYNERGY_RECYCLING_PLANT,Recycling Plant,Usina de Reciclagem,Planta de Reciclaje
SYNERGY_SECOND_SHIFT,Second Shift,Segundo Turno,Segundo Turno
SYNERGY_BONE_ASSEMBLY_LINE,Bone Assembly Line,Linha de Montagem Óssea,Línea de Montaje Óseo
SYNERGY_OVERCLOCKED_OSSUARY,Overclocked Ossuary,Ossuário Sobrecarregado,Osario Sobrecargado
SYNERGY_MEAT_SHIELD_PROTOCOL,Meat Shield Protocol,Protocolo Escudo de Carne,Protocolo Escudo de Carne
PROCESSOR_QUEUE,QUEUE,FILA,COLA
PROCESSOR_THROUGHPUT,RATE,RITMO,RITMO
PROCESSOR_READY,READY,PRONTO,LISTO
PROCESSOR_SECONDS_PER_CORPSE,s/CORPSE,s/CADÁVER,s/CADÁVER
FACTORY_NAV,FACTORY,FÁBRICA,FÁBRICA
FACTORY_PANEL_TITLE,FACTORY CONTROL,CONTROLE DA FÁBRICA,CONTROL DE FÁBRICA
FACTORY_POINTS,FACTORY POINTS,PONTOS DE FÁBRICA,PUNTOS DE FÁBRICA
FACTORY_CLOSE,CLOSE,FECHAR,CERRAR
FACTORY_AUTO_COLLECTION,AUTOMATED RETRIEVAL,COLETA AUTOMÁTICA,RECOLECCIÓN AUTOMÁTICA
FACTORY_AUTO_LOCKED,UNLOCK AUTO-COLLECTION,DESBLOQUEAR AUTO-COLETA,DESBLOQUEAR RECOLECCIÓN
FACTORY_AUTO_ENABLED,AUTO-COLLECTION ENABLED,AUTO-COLETA ATIVADA,RECOLECCIÓN ACTIVADA
FACTORY_AUTO_DISABLED,AUTO-COLLECTION DISABLED,AUTO-COLETA DESATIVADA,RECOLECCIÓN DESACTIVADA
FACTORY_QUEUE_UPGRADE,QUEUE EXPANSION,EXPANSÃO DA FILA,EXPANSIÓN DE COLA
FACTORY_SPEED_UPGRADE,PROCESSOR OVERCLOCK,SOBRECARGA DO PROCESSADOR,SOBRECARGA DEL PROCESADOR
FACTORY_CAPACITY,CAPACITY,CAPACIDADE,CAPACIDAD
FACTORY_CYCLE,CYCLE,CICLO,CICLO
FACTORY_LEVEL,LEVEL,NÍVEL,NIVEL
FACTORY_MAX_LEVEL,MAX LEVEL,NÍVEL MÁXIMO,NIVEL MÁXIMO
FACTORY_COST,COST,CUSTO,COSTE
FACTORY_HEMATIC_PRESS,HEMATIC PRESS,PRENSA HEMÁTICA,PRENSA HEMÁTICA
FACTORY_HEMATIC_UNLOCK,UNLOCK BLOOD PRODUCTION,DESBLOQUEAR PRODUÇÃO DE SANGUE,DESBLOQUEAR PRODUCCIÓN DE SANGRE
FACTORY_HEMATIC_QUEUE,PRODUCTION QUEUE,FILA DE PRODUÇÃO,COLA DE PRODUCCIÓN
FACTORY_HEMATIC_PRODUCE,PRODUCE 1 BLOOD,PRODUZIR 1 SANGUE,PRODUCIR 1 SANGRE
FACTORY_SOUL_EXTRACTOR,SOUL EXTRACTOR,EXTRATOR DE ALMAS,EXTRACTOR DE ALMAS
FACTORY_SOUL_UNLOCK,UNLOCK ARCANE ROUTING,DESBLOQUEAR ROTA ARCANA,DESBLOQUEAR RUTA ARCANA
FACTORY_SOUL_ROUTING_ON,ARCANE ROUTING ENABLED,ROTA ARCANA ATIVADA,RUTA ARCANA ACTIVADA
FACTORY_SOUL_ROUTING_OFF,ARCANE ROUTING PAUSED,ROTA ARCANA PAUSADA,RUTA ARCANA PAUSADA
FACTORY_EFFICIENCY,INDUSTRIAL EFFICIENCY,EFICIÊNCIA INDUSTRIAL,EFICIENCIA INDUSTRIAL
FACTORY_EFFICIENCY_EFFECT,-2 FLESH / -0.25s SOUL,-2 CARNE / -0.25s ALMA,-2 CARNE / -0.25s ALMA
FACTORY_ARCHER_BLUEPRINT,SKELETON ARCHER BLUEPRINT,PROJETO DO ESQUELETO ARQUEIRO,PLANO DEL ESQUELETO ARQUERO
FACTORY_ARCHER_UNLOCK,UNLOCK RANGED BONE PRODUCTION,DESBLOQUEAR PRODUÇÃO ÓSSEA À DISTÂNCIA,DESBLOQUEAR PRODUCCIÓN ÓSEA A DISTANCIA
FACTORY_ARCHER_UNLOCKED,BLUEPRINT ACQUIRED,PROJETO ADQUIRIDO,PLANO ADQUIRIDO
FACTORY_LICH_BLUEPRINT,LICH BLUEPRINT,PROJETO DO LICH,PLANO DEL LICH
FACTORY_LICH_UNLOCK,UNLOCK SOUL SUMMONER,DESBLOQUEAR INVOCADOR DE ALMAS,DESBLOQUEAR INVOCADOR DE ALMAS
FACTORY_LICH_UNLOCKED,SUMMONER BLUEPRINT ACQUIRED,PROJETO DE INVOCADOR ADQUIRIDO,PLANO DE INVOCADOR ADQUIRIDO
PRODUCTION_QUANTITY,QUANTITY,QUANTIDADE,CANTIDAD
PRODUCTION_BATCH,BATCH,LOTE,LOTE
PRODUCTION_QUEUE_SKELETON,PRODUCE SKELETON (QUEUE),PRODUZIR ESQUELETO (FILA),PRODUCIR ESQUELETO (COLA)
PRODUCTION_QUEUE_ARCHER,PRODUCE ARCHER (QUEUE),PRODUZIR ARQUEIRO (FILA),PRODUCIR ARQUERO (COLA)
PRODUCTION_ARCHER_LOCKED,ARCHER LOCKED,ARQUEIRO BLOQUEADO,ARQUERO BLOQUEADO
PRODUCTION_QUEUE_ZOMBIE,PRODUCE ZOMBIE (QUEUE),PRODUZIR ZUMBI (FILA),PRODUCIR ZOMBI (COLA)
PRODUCTION_QUEUE_STATUS,"Assembler: %d (%0.1fs) | Flesh Vat: %d (%0.1fs)","Montador: %d (%0.1fs) | Cuba de Carne: %d (%0.1fs)","Ensamblador: %d (%0.1fs) | Cuba de Carne: %d (%0.1fs)"
DOCTRINE_NAV,DOCTRINE,DOUTRINA,DOCTRINA
DOCTRINE_TITLE,ARMY DOCTRINE,DOUTRINA DO EXÉRCITO,DOCTRINA DEL EJÉRCITO
DOCTRINE_PLANNING_MODE,TARGET COMPOSITION AND TIMED REPLENISHMENT,COMPOSIÇÃO-ALVO E REPOSIÇÃO TEMPORIZADA,COMPOSICIÓN OBJETIVO Y REPOSICIÓN TEMPORIZADA
DOCTRINE_TARGET_SKELETONS,TARGET SKELETONS,META DE ESQUELETOS,OBJETIVO DE ESQUELETOS
DOCTRINE_TARGET_ZOMBIES,TARGET ZOMBIES,META DE ZUMBIS,OBJETIVO DE ZOMBIS
DOCTRINE_BONES_RESERVE,MINIMUM BONES RESERVE,RESERVA MÍNIMA DE OSSOS,RESERVA MÍNIMA DE HUESOS
DOCTRINE_FLESH_RESERVE,MINIMUM FLESH RESERVE,RESERVA MÍNIMA DE CARNE,RESERVA MÍNIMA DE CARNE
DOCTRINE_PRIORITY,PRODUCTION PRIORITY,PRIORIDADE DE PRODUÇÃO,PRIORIDAD DE PRODUCCIÓN
DOCTRINE_PRIORITY_BALANCED,BALANCED,EQUILIBRADA,EQUILIBRADA
DOCTRINE_PRIORITY_SKELETONS,SKELETONS FIRST,ESQUELETOS PRIMEIRO,ESQUELETOS PRIMERO
DOCTRINE_PRIORITY_ZOMBIES,ZOMBIES FIRST,ZUMBIS PRIMEIRO,ZOMBIS PRIMERO
DOCTRINE_APPLY,SAVE DOCTRINE,SALVAR DOUTRINA,GUARDAR DOCTRINA
DOCTRINE_NOT_CONFIGURED,Doctrine not configured.,Doutrina não configurada.,Doctrina no configurada.
DOCTRINE_TARGET_STATUS,Target: %d Skeletons / %d Zombies,Meta: %d Esqueletos / %d Zumbis,Objetivo: %d Esqueletos / %d Zombis
DOCTRINE_CURRENT_STATUS,Current: %d Skeletons / %d Zombies,Atual: %d Esqueletos / %d Zumbis,Actual: %d Esqueletos / %d Zombis
DOCTRINE_MISSING_STATUS,Missing: %d Skeletons / %d Zombies,Faltam: %d Esqueletos / %d Zumbis,Faltan: %d Esqueletos / %d Zombis
DOCTRINE_TARGET_LIMIT,Target total cannot exceed 36.,A meta total não pode ultrapassar 36.,El objetivo total no puede superar 36.
DOCTRINE_SAVED,Doctrine saved.,Doutrina salva.,Doctrina guardada.
DOCTRINE_AUTOMATION_START,START REPLENISHMENT,INICIAR REPOSIÇÃO,INICIAR REPOSICIÓN
DOCTRINE_AUTOMATION_PAUSE,PAUSE REPLENISHMENT,PAUSAR REPOSIÇÃO,PAUSAR REPOSICIÓN
DOCTRINE_AUTOMATION_RUNNING,AUTOMATION: RUNNING,AUTOMAÇÃO: ATIVA,AUTOMATIZACIÓN: ACTIVA
DOCTRINE_AUTOMATION_PAUSED,AUTOMATION: PAUSED,AUTOMAÇÃO: PAUSADA,AUTOMATIZACIÓN: PAUSADA
SYNERGY_CRIMSON_ASSEMBLY,Crimson Assembly,Montagem Carmesim,Ensamblaje Carmesí
SYNERGY_PHANTOM_CONDUIT,Phantom Conduit,Conduto Fantasma,Conducto Fantasma
SYNERGY_DARK_REFINERY,Dark Refinery,Refinaria Sombria,Refinería Oscura
RITUAL_NAV,RITUALS,RITUAIS,RITUALES
RITUAL_TITLE,BLOOD & SOUL RITUALS,RITUAIS DE SANGUE E ALMAS,RITUALES DE SANGRE Y ALMAS
RITUAL_STATUS,"Blood: %d | Souls: %d | Ghosts: %d\nLiches: %d | Thralls: %d | Fervor: %s","Sangue: %d | Almas: %d | Fantasmas: %d\nLiches: %d | Servos: %d | Fervor: %s","Sangre: %d | Almas: %d | Fantasmas: %d\nLiches: %d | Siervos: %d | Fervor: %s"
RITUAL_SACRIFICE,"BLOOD FERVOR — %d BLOOD\n+25%% damage this Wave","FERVOR DE SANGUE — %d SANGUE\n+25%% de dano nesta Onda","FERVOR DE SANGRE — %d SANGRE\n+25%% de daño esta Oleada"
RITUAL_EXTRACTION,"HEMATIC EXTRACTION %d/2 — %d BLOOD\nBlood generation","EXTRAÇÃO HEMÁTICA %d/2 — %d SANGUE\nGeração de Sangue","EXTRACCIÓN HEMÁTICA %d/2 — %d SANGRE\nGeneración de Sangre"
RITUAL_INFUSION,"CRIMSON INFUSION %d/2 — %d BLOOD\nFervor strength","INFUSÃO CARMESIM %d/2 — %d SANGUE\nForça do Fervor","INFUSIÓN CARMESÍ %d/2 — %d SANGRE\nFuerza del Fervor"
RITUAL_GHOST,"SUMMON GHOST — %d SOULS\nRanged magic unit","INVOCAR FANTASMA — %d ALMAS\nUnidade mágica à distância","INVOCAR FANTASMA — %d ALMAS\nUnidad mágica a distancia"
RITUAL_LICH,"CREATE LICH — %d SOULS\nCap %d | %.1fs | %d Soul/summon","CRIAR LICH — %d ALMAS\nLimite %d | %.1fs | %d Alma/invocação","CREAR LICH — %d ALMAS\nLímite %d | %.1fs | %d Alma/invocación"
RITUAL_LICH_LOCKED,"LICH BLUEPRINT REQUIRED\nResearch in Factory","PROJETO DO LICH NECESSÁRIO\nPesquise na Fábrica","SE REQUIERE PLANO DEL LICH\nInvestiga en la Fábrica"
RITUAL_SOUL_FOCUS,"SPECTRAL FOCUS %d/2 — %d SOULS\nGhost damage","FOCO ESPECTRAL %d/2 — %d ALMAS\nDano dos Fantasmas","FOCO ESPECTRAL %d/2 — %d ALMAS\nDaño de Fantasmas"
RITUAL_SOUL_ANCHOR,"ETHEREAL ANCHOR %d/2 — %d SOULS\nGhost durability","ÂNCORA ETÉREA %d/2 — %d ALMAS\nResistência dos Fantasmas","ANCLA ETÉREA %d/2 — %d ALMAS\nResistencia de Fantasmas"
UPGRADE_GRAVE_CONTRACT_NAME,Grave Contract,Contrato da Sepultura,Contrato de la Tumba
UPGRADE_GRAVE_CONTRACT_DESC,Lich Thrall cap +2,Limite de Servos do Lich +2,Límite de Siervos del Lich +2
UPGRADE_GRAVE_CONTRACT_STATUS,Current Thrall cap: %d,Limite atual de Servos: %d,Límite actual de Siervos: %d
UPGRADE_RAPID_CONJURATION_NAME,Rapid Conjuration,Conjuração Rápida,Conjuración Rápida
UPGRADE_RAPID_CONJURATION_DESC,Lich summon cooldown -1.5s,Cooldown de invocação do Lich -1.5s,Recarga de invocación del Lich -1.5s
UPGRADE_RAPID_CONJURATION_STATUS,Current summon cooldown: %.1fs,Cooldown atual de invocação: %.1fs,Recarga actual de invocación: %.1fs
UPGRADE_BOUND_SERVITUDE_NAME,Bound Servitude,Servidão Vinculada,Servidumbre Vinculada
UPGRADE_BOUND_SERVITUDE_DESC,Temporary Thrall lifetime +4s,Duração dos Servos temporários +4s,Duración de los Siervos temporales +4s
UPGRADE_BOUND_SERVITUDE_STATUS,Current Thrall lifetime: %.1fs,Duração atual dos Servos: %.1fs,Duración actual de los Siervos: %.1fs
SYNERGY_SOUL_FOUNDRY,SOUL FOUNDRY,FUNDIÇÃO DE ALMAS,FUNDICIÓN DE ALMAS
SYNERGY_SOUL_FOUNDRY_DESC,Grave Contract + Rapid Conjuration: summoned Thralls gain +10 HP and +2 Damage.,Contrato da Sepultura + Conjuração Rápida: Servos invocados ganham +10 PV e +2 de Dano.,Contrato de la Tumba + Conjuración Rápida: los Siervos invocados obtienen +10 PV y +2 de Daño.
SYNERGY_OSSUARY_BALLISTICS,Ossuary Ballistics,Balística do Ossuário,Balística del Osario
SYNERGY_OSSUARY_BALLISTICS_DESC,Heavy Bones + Death March + Archer blueprint: Skeleton Archers gain +80 range.,Ossos Pesados + Marcha da Morte + projeto do Arqueiro: Arqueiros Esqueletos ganham +80 de alcance.,Huesos Pesados + Marcha de la Muerte + plano del Arquero: los Arqueros Esqueleto obtienen +80 de alcance.
ENEMY_ABILITY_ARCANE_BURST,ARCANE BURST,RAJADA ARCANA,RÁFAGA ARCANA
ENEMY_ABILITY_PRECISION_SHOT,PRECISION SHOT,TIRO DE PRECISÃO,DISPARO DE PRECISIÓN
UPGRADE_EMERGENCY_RECLAMATION_NAME,EMERGENCY RECLAMATION [RARE],RECUPERAÇÃO EMERGENCIAL [RARO],RECUPERACIÓN DE EMERGENCIA [RARO]
UPGRADE_EMERGENCY_RECLAMATION_DESC,Once per Wave when a permanent Undead dies refund 50% of its production cost.,Uma vez por Onda quando um Morto-Vivo permanente morrer devolve 50% do custo de produção.,Una vez por Oleada cuando muere un No Muerto permanente devuelve el 50% del coste de producción.
UPGRADE_EMERGENCY_RECLAMATION_STATUS,Available once each Wave,Disponível uma vez por Onda,Disponible una vez por Oleada
UPGRADE_EMERGENCY_RECLAMATION_FEEDBACK,EMERGENCY RECOVERY +%d %s,RECUPERAÇÃO EMERGENCIAL +%d %s,RECUPERACIÓN DE EMERGENCIA +%d %s
METRICS_GHOSTS_BUILT,GHOSTS BUILT,FANTASMAS CRIADOS,FANTASMAS CREADOS
METRICS_GHOSTS_LOST,GHOSTS LOST,FANTASMAS PERDIDOS,FANTASMAS PERDIDOS
METRICS_LICHES_BUILT,LICHES BUILT,LICHES CRIADOS,LICHES CREADOS
METRICS_LICHES_LOST,LICHES LOST,LICHES PERDIDOS,LICHES PERDIDOS
METRICS_THRALLS_ACTIVE,THRALLS ACTIVE,SERVOS ATIVOS,SIERVOS ACTIVOS
